{"cameraMode":{"drawMode":0,"name":"Shaded","section":"Shading Mode"},"sceneLighting":false,"audioPlay":false,"sceneViewState":{"showFog":true,"showMaterialUpdate":false,"showSkybox":true,"showFlares":true,"showImageEffects":true,"showParticleSystems":true},"in2DMode":false,"pivot":{"x":801.9765625,"y":26.147632598876954,"z":757.8552856445313},"rotation":{"x":0.11854096502065659,"y":0.8328301906585693,"z":-0.19587598741054536,"w":0.5039803385734558},"size":0.4337916076183319,"orthographic":false}